{"cameraMode":{"drawMode":0,"name":"Shaded","section":"Shading Mode"},"sceneLighting":true,"audioPlay":false,"sceneViewState":{"showFog":false,"showMaterialUpdate":false,"showSkybox":false,"showFlares":false,"showImageEffects":false,"showParticleSystems":false},"in2DMode":false,"pivot":{"x":-0.5783627033233643,"y":1.578079104423523,"z":-0.09204959869384766},"rotation":{"x":-0.001539690187200904,"y":-0.9983335137367249,"z":0.04795897379517555,"w":-0.03205935284495354},"size":3.7152326107025148,"orthographic":false}