{"cameraMode":{"drawMode":0,"name":"Shaded","section":"Shading Mode"},"sceneLighting":true,"audioPlay":false,"sceneViewState":{"showFog":false,"showMaterialUpdate":false,"showSkybox":false,"showFlares":false,"showImageEffects":false,"showParticleSystems":false},"in2DMode":false,"pivot":{"x":-0.07047653198242188,"y":2.76904296875,"z":-0.1435546875},"rotation":{"x":-0.009199834428727627,"y":-0.9811720848083496,"z":0.1867682933807373,"w":-0.048315227031707767},"size":8.615668296813965,"orthographic":true}